"date_posted","application_deadline","sector","environmental_field","employer","job_title","position_type","city","state","country","modality","term","minimum_degree","experience_years","job_type","compensation_minimum","compensation_maximum","hourly","monthly","yearly_salary_min","yearly_salary_max","hard_skills"
"October 28, 2025",NA,"Consulting","energy and infrastructure","Ascend Analytics","Data Scientist","data scientist","Denver","CO","USA","remote","permanent","Bachelor’s","1","full-time",80000,130000,"No","No",80000,130000,"Python; NumPy; Pandas; SciPy"
"October 28, 2025",NA,"Consulting","resource management","FirstCarbon Solutions","Environmental Services Analyst","environmental analyst","Irvine/Walnut Creek","CA","USA","remote option","permanent","Bachelor’s","1","full-time",20,30,"Yes","No",37500,56250,"GIS; Excel"
"October 28, 2025",NA,"Corporate","sustainability","The Wonderful Company","Sustainability Analyst","sustainability analyst","West Los Angeles","CA","USA","hybrid option","permanent","Bachelor’s","2","full-time",80000,90000,"No","No",80000,90000,"Excel"
"October 31, 2025",NA,"Corporate","climate","Stand Insurance","Geospatial Climate Scientist","environmental scientist","San Francisco","CA","USA","on-site","permanent","Master’s or PhD",NA,"full-time",160000,2e+05,"No","No",160000,2e+05,"QGIS; GDAL; SQL; LiDAR; Remote sensing; Spatial analysis"
"October 31, 2025","November 5, 2025","Non-Profit/NGO","conservation","Oceana","Research Assistant, Science and Strategy","researcher","Washington, DC",NA,"USA","hybrid","limited term","Bachelor’s",NA,"full-time",48000,52000,"No","No",48000,52000,"R; GIS; Excel; Tableau"
"October 31, 2025",NA,"Corporate","sustainability","Meissner","Sustainability Reporting Analyst","sustainability analyst","Camarillo","CA","USA","on-site","permanent","Bachelor’s","1","full-time",71700,92000,"No","No",71700,92000,"Excel; Data management"
"October 31, 2025","November 11, 2025","Research/Education","climate","Scripps Institution of Oceanography","Machine Learning Scientist","machine learning specialist","San Diego","CA","USA","on-site","limited term","Bachelor’s (Master’s or PhD preferred)",NA,"full-time",88000,161600,"No","No",88000,161600,"Python; R; Matlab; Tensorflow; Keras; PyTorch; Scikit-Learn; Unix"
"October 31, 2025",NA,"Research/Education","agriculture","The Center for Aquaculture Technologies","Quantitative Geneticist/Analyst","data scientist","Remote",NA,"USA","remote","permanent","Master’s or PhD",NA,"full-time",75000,1e+05,"No","No",75000,1e+05,"R; Python; Linux"
"November 1, 2025",NA,"Corporate","energy and infrastructure","Clearway Energy","Power Market Fundamentals Analyst","environmental analyst","Multiple Locations",NA,"USA","hybrid option","permanent","Bachelor’s","1","full-time",70000,85000,"No","No",70000,85000,"Python; R; SQL"
"November 1, 2025",NA,"Non-Profit/NGO","communication","Public Health Solutions","Data Analyst","data analyst","New York","NY","USA","hybrid","limited term","Bachelor’s","2","full-time",70000,70000,"No","No",70000,70000,"Excel; R; STATA; Python; Power BI; ArcGIS"
"November 4, 2025",NA,"Consulting","geospatial","Land IQ","Remote Sensing Scientist","environmental scientist","Sacramento","CA","USA","on-site","permanent","Master’s","0","full-time",85000,115000,"No","No",85000,115000,"Python; NumPy; SciPy; Geopandas; Matplotlib; Scikit-Learn; Tensorflow; Keras; Remote sensing; GIS"
"November 4, 2025",NA,"Consulting","geospatial","Land IQ","GIS/Science Intern","GIS technician","Sacramento","CA","USA","on-site","limited term","High school (near completion of BS/MS)","0","internship",20,20,"Yes","No",37500,37500,"ArcGIS; ESRI products; GIS; Spatial analysis; Data management"
"November 4, 2025",NA,"Corporate","agriculture","Ohalo","Field Trial & Greenhouse Evaluation Specialist","environmental scientist","Watsonville","CA","USA","on-site","permanent","Bachelor’s","3","full-time",80000,115000,"No","No",80000,115000,"R; Python; Excel"
"November 7, 2025",NA,"Research/Education","conservation","SUNY College of Environmental Science and Forestry","Biodiversity Data Researcher","researcher","Albany","NY","USA","hybrid","limited term","Master’s or PhD",NA,"full-time",60000,70000,"No","No",60000,70000,"ArcGIS; QGIS; R; Python; Spatial analysis"
"November 7, 2025",NA,"Corporate","agriculture","Syngenta Seeds","Data Scientist","data scientist","Hyderabad",NA,"India","on-site","permanent","Bachelor’s (Master’s or PhD preferred)",NA,"full-time",NA,NA,"No","No",NA,NA,"Python; R; SQL; ML frameworks; Git; Cloud computing; Tableau; Power BI"
"November 4, 2025",NA,"Corporate","communication","Sofar Ocean","Science Communicator","environmental analyst","San Francisco","CA","USA","hybrid","permanent",NA,NA,"full-time",130000,178000,"No","No",130000,178000,"Python; R; Julia; pandas; xarray; GDAL; cartopy; plotly; matplotlib"
"November 7, 2025","November 7, 2025","Research/Education","energy and infrastructure","PSE Healthy Energy","Environmental Analyst","environmental analyst","Oakland","CA","USA","remote option","permanent","Master’s or Bachelor’s w/ experience","1","full-time",75000,88000,"No","No",75000,88000,"Python; R; SQL; Data management; Machine learning basics"
"November 7, 2025",NA,"Consulting","geospatial","RedCastle Resources","Remote Sensing/GIS Analyst","environmental scientist","Salt Lake City","UT","USA","on-site","permanent","Bachelor’s (Master’s preferred)",NA,"full-time",NA,NA,"No","No",NA,NA,"Google Earth Engine; eCognition; ERDAS; ArcGIS; R; Python; JavaScript; LiDAR; Remote sensing"
"November 4, 2025","November 30, 2025","Corporate","energy and infrastructure","ENGIE North America","Data Management Intern","data analyst","Santa Barbara","CA","USA","hybrid","limited term","High school (enrolled in degree)","0","internship",23.5,33.5,"Yes","No",44062.5,62812.5,"ArcGIS Pro; ESRI products; Excel"
"November 4, 2025","November 6, 2025","Non-Profit/NGO","conservation","Oceana","Associate, Science and Strategy","environmental analyst","Washington, DC",NA,"USA","hybrid","permanent","Master’s",NA,"full-time",54000,62000,"No","No",54000,62000,"Excel; R"
"November 8, 2025","November 26, 2025","State Government","resource management","Department of Water Resources","Environmental Scientist","environmental scientist","Fresno","CA","USA","hybrid","permanent","Bachelor’s",NA,"full-time",4418,9321,"No","Yes",53016,111852,"GIS; Excel; MS Office"
"November 8, 2025","November 13, 2025","State Government","resource management","Department of Transportation","Environmental Scientist","environmental scientist","San Luis Obispo","CA","USA","hybrid","permanent","Bachelor’s",NA,"full-time",4269,8877,"No","Yes",51228,106524,"GIS; MS Office"
"November 10, 2025","December 6, 2025","State Government","environmental justice","California Department of Pesticide Regulation","Environmental Scientist","environmental scientist","Sacramento","CA","USA","hybrid","permanent","Bachelor’s",NA,"full-time",4418,9321,"No","Yes",53016,111852,"R; Python; C++; SQL; SAS; GIS; Geospatial analysis; Statistical analysis; Time-series analysis; Environmental monitoring"
"November 10, 2025",NA,"Consulting","resource management","Langan","Environmental Intern / Co-op","environmental consultant","Santa Barbara","CA","USA","on-site","limited term","Working toward Bachelor's","0","internship",24,31,"Yes","No",45000,58125,"GIS; Microsoft Office; Environmental software"
"November 10, 2025",NA,"Non-Profit/NGO","energy and infrastructure","California ISO","Market Development Analyst","data analyst","Folsom","CA","USA","hybrid","permanent","Bachelor’s (Master’s preferred)","2","full-time",45.1,75.18,"Yes","No",84562.5,140962.5,"R; Python; SQL; Data visualization; Optimization principles"
"November 10, 2025","Open until filled","Research/Education","ecology","Caesar Kleberg Wildlife Research Institute (Texas A&M–Kingsville)","PhD Position: Geospatial & Movement Ecology","researcher","Kingville","TX","USA","on-site","permanent","Master’s",NA,"full-time",2200,2200,"No","Yes",26400,26400,"R; Python; GIS; QGIS; ArcGIS; Remote sensing; Google Earth Engine"
"November 10, 2025",NA,"Corporate","plant science","Green Diamond","Resource Carbon Analyst","environmental analyst","Seattle (preferred)","WA","USA","remote option","permanent",NA,NA,"full-time",79700,119600,"No","No",79700,119600,"Quantitative forestry; Spatial analysis; Data analysis"
"November 12, 2025",NA,"Consulting","geospatial","ICF","Junior GIS Specialist","GIS technician","San Juan",NA,"Puerto Rico","on-site","limited term","Bachelor’s","2","full-time",60637,103083,"No","No",60637,103083,"ArcGIS Pro; ArcGIS Online; Geodatabases; Raster interpretation; GPS; Survey123; QuickCapture"
"November 12, 2025",NA,"Consulting","resource management","ERM","Consultant / Environmental Scientist","environmental scientist","Edmonds","WA","USA","hybrid","permanent","Bachelor’s","2","full-time",77969,83641,"No","No",77969,83641,"Excel; Databases; Technical writing; Data recording; Field sampling"
"November 12, 2025","November 30, 2025","State Government","water/coastal","SF Bay Conservation & Development Commission","Shoreline Development Analyst / Coastal Program Analyst II","environmental analyst","San Francisco","CA","USA","hybrid","limited term",NA,NA,"full-time",7328,9178,"No","Yes",87936,110136,"GIS (preferred); Project management; Planning"
"November 12, 2025",NA,"Corporate","water/coastal","CorPower Ocean","Data Analyst, Wave Energy","data analyst","Stockholm",NA,"Sweden","on-site","permanent","MSc",NA,"full-time",NA,NA,"No","No",NA,NA,"Matlab; Python (preferred); Physical modeling; Solid mechanics; Thermodynamics; Power electronics"
"November 14, 2025","Open until filled","Research/Education","communication","UC Riverside","Museum Scientist","researcher","Coachella Valley","CA","USA","on-site","permanent","Bachelor’s (Master’s preferred)",NA,"full-time",30.32,46.46,"Yes","No",56850,87112.5,"GIS; Statistical software; Database management; Field instrumentation; GPS; Telemetry"
"November 14, 2025","December 31, 2025","Research/Education","ecology","Colorado State University","Resilience Research Specialist","researcher","Fort Collins","CO","USA","remote option","permanent","Bachelor’s","1","full-time",55000,65000,"No","No",55000,65000,"R; Python; ArcGIS (depending on specialty)"
"November 14, 2025","November 18, 2025","State Government","geospatial","Texas Parks & Wildlife Department","Geographic Information Specialist II","GIS technician","Austin","TX","USA","on-site","permanent","Bachelor’s","0.5","full-time",5237.5,5237.5,"No","Yes",62850,62850,"ArcGIS Pro; SQL; GPS; Geospatial analysis; Relational databases"
"November 14, 2025","November 24, 2025","State Government","water/coastal","California State Water Resources Control Board","Water Telemetry Data Specialist","data scientist","Sacramento","CA","USA","hybrid","permanent","Master’s",NA,"full-time",8392,10505,"No","Yes",100704,126060,"Data pipelines; ETL; GUI tools; Data analysis; Python; R"
"November 15, 2025",NA,"Non-Profit/NGO","water/coastal","Concurrent Technologies Corporation","Associate Water Systems Analyst","environmental analyst","Washington","DC","USA","hybrid","permanent","Bachelor’s","2","full-time",NA,NA,"No","No",NA,NA,"GIS (ArcPro); Water systems; Infrastructure; Risk analysis"
"November 15, 2025","December 1, 2025","State Government","energy and infrastructure","Executive Branch — State of Hawai‘i","Renewable Energy Specialist","environmental analyst","Oahu","HI","USA","on-site","permanent","Bachelor’s","1","full-time",NA,NA,"No","No",NA,NA,"GIS; Python; R; MS Office; Energy systems analysis"
"November 21, 2025",NA,"Consulting","resource management","Cushman & Wakefield","Energy and Sustainability Analyst","environmental analyst","Sacramento","CA","USA","remote","permanent",NA,NA,"full-time",73400.22,86353.2,"No","No",73400.22,86353.2,"Utility database review; Water/waste analytics; Excel"
"November 21, 2025",NA,"Consulting","resource management","​Cushman & Wakefield","Sustainable Operations Analyst","sustainability analyst","Multiple","Multiple","USA","hybrid","permanent","Bachelor’s or Master’s","1-2","full-time",62050,73000,"No","No",62050,73000,"Excel; PowerBI; Sustainability data systems; HVAC basics; ESG reporting"
"November 21, 2025","December 13, 2025","Non-Profit/NGO","sustainability","Los Angeles Climate Week","Green Practices Intern",NA,"Los Angeles","CA","USA","remote","limited term",NA,"0","internship",0,0,"No","No",0,0,"Google Workspace; Airtable; Research; Data tracking"
"November 21, 2025",NA,"Consulting","sustainability","Resource Energy","Sustainability Data Analyst","data analyst","Ellicott City","MD","USA","remote","permanent","Bachelor’s","1-3","full-time",60000,75000,"No","No",60000,75000,"Excel (Macros); GHG Protocol; Scope 1-3 emissions; Data QA/QC"
"November 21, 2025","November 21, 2025","Consulting","resource management","Athenica Environmental Services","Environmental Scientist","environmental scientist","Queens","NY","USA","on-site","permanent","Bachelor’s","0-2","full-time",55000,58000,"No","No",55000,58000,"Excel; MS Office; Environmental regulations; Field sampling"
"November 21, 2025",NA,"Consulting","water/industrial hygiene","NYC Cooling Tower Inspections & Services","Environmental Consultant (Apprentice)","environmental consultant","Fort Lee","NJ","USA","on-site","permanent",NA,"0","full-time",60000,72000,"No","No",60000,72000,"MS Office; Apple software; Water testing; Fieldwork"
"November 21, 2025","November 17, 2025","Consulting","energy and infrastructure","EDM International","Environmental Analyst","environmental analyst","Fort Collins","CO","USA","hybrid","permanent","Master’s or relevant experience",NA,"full-time",70000,90000,"No","No",70000,90000,"Data analysis; Wildlife biology; Field data collection"
"November 21, 2025",NA,"Non-Profit/NGO","water/coastal","Marine Stewardship Council","Data Insight Analyst","data analyst","London",NA,"UK","on-site","permanent",NA,NA,"full-time",NA,NA,"No","No",NA,NA,"SQL; Python; R; Git; Statistics"
"November 21, 2025","Open until filled","Local Government","geospatial","County of Los Angeles Public Health","GIS Analyst","GIS technician","Los Angeles","CA","USA","on-site","permanent","Bachelor’s or Master’s","0.5","full-time",92175.36,117649.2,"No","No",92175.36,117649.2,"ArcGIS; Spatial analysis; Data conversion; Data QA/QC"
"November 21, 2025","October 1, 2025","Research/Education","environmental justice","Columbia University","Data Analyst","data analyst","New York","NY","USA","on-site","limited term","Bachelor’s or Master’s","2-3","full-time",65300,75000,"No","No",65300,75000,"R; Python; Stata; Matlab; Git; Survey data; Data visualization"
"November 21, 2025","November 20, 2025","Local Government","geospatial","City of La Habra","GIS Analyst","GIS technician","La Habra","CA","USA","on-site","permanent","Bachelor’s","3","full-time",82266,102738,"No","No",82266,102738,"ArcGIS; CAD; GPS; Visual Basic; C#; Python; Crystal Reports; Web GIS"
"November 21, 2025",NA,"Consulting","water/coastal","Michael Baker International","Surface Water Environmental Associate","environmental analyst","Santa Ana","CA","USA","hybrid","permanent","Bachelor’s","0-2","full-time",55681,81848,"No","No",55681,81848,"ArcGIS; AutoCAD; Bluebeam; Stormwater sampling; Hydrology basics"
"November 21, 2025","November 2, 2025","Consulting","climate","LSA","Air Quality and Climate Change Analyst","environmental analyst","Multiple","CA","USA","hybrid","permanent","Bachelor’s or Master’s","1-3","full-time",65000,80000,"No","No",65000,80000,"CalEEMod; EMFAC; OFFROAD; AERMOD; HARP; CEQA/NEPA"
"November 25, 2025",NA,"Consulting","geospatial","DAWSON","Environmental Database & GIS Specialist","GIS technician","Fort Huachuca","AZ","USA","on-site","permanent","Bachelor’s or equivalent experience",NA,"full-time",NA,NA,"No","No",NA,NA,"ArcGIS; Database management; Microsoft Office; Access; Excel; Environmental compliance data"
"November 25, 2025",NA,"Corporate","sustainability","Andersen Corporation","Associate Sustainability Data Analyst","data analyst","Oak Park Heights","MN","USA","on-site","permanent","Bachelor’s","0–2","full-time",61760,92640,"No","No",61760,92640,"Excel; Power BI; Tableau; Python; Sustainability reporting (GRI, CDP, TCFD, SASB)"
"November 25, 2025",NA,"Research/Education","geospatial","Ocean Surveys Inc.","Geospatial Data Processing Analyst","GIS technician","Old Saybrook","CT","USA","on-site","permanent","Bachelor’s",NA,"full-time",50000,62000,"No","No",50000,62000,"Hypack; CARIS HIPS/SIPS; SonarWiz; POSPac; ArcGIS; MATLAB; AutoCAD; Python; C++; VBA"
"November 25, 2025",NA,"Research/Education","water/coastal","University of Texas at Austin","Hydrographic Survey Analyst","environmental analyst","Austin","TX","USA","on-site","permanent","Bachelor’s (Master’s preferred)","1+ (preferred)","full-time",88500,120000,"No","No",88500,120000,"GIS; Multibeam processing; Hydrographic survey tools; Oceanographic data analysis"
"November 28, 2025","January 11, 2026","State Government","sustainability","Sealaska","Environmental Sustainability Intern","sustainability analyst","Juneau","AK","USA","on-site","limited term",NA,"0","internship",0,0,"No","No",0,0,"Excel; Data collection; Fieldwork basics; Sustainable resource management"
"November 28, 2025",NA,"Consulting","geospatial","Peak Performers","Public Health GIS Analyst","GIS technician","Austin","TX","USA","on-site","limited term","Associate or Bachelor’s",NA,"full-time",57,57,"Yes","No",106875,106875,"ArcGIS Pro; ArcGIS Online; Experience Builder; Python; ArcGIS Hub; Business Analyst; StoryMaps; Survey123; JavaScript"
"November 28, 2026",NA,"Consulting","resource management","Ensolum","Associate Geologist/Scientist/Engineer","environmental scientist","Midland or Carlsbad","TX/NM","USA","on-site","permanent","Bachelor’s","0–2","full-time",50000,56000,"No","No",50000,56000,"Field sampling; Map creation; Technical writing; Data tabulation"
"November 28, 2025","December 5, 2025","State Government","agriculture","Texas Department of Agriculture","Food Distribution Specialist (Data Analyst)","data analyst","Multiple cities","TX","USA","on-site","permanent","Bachelor’s","2","full-time",5100,5600,"No","Yes",61200,67200,"Excel; Data reconciliation; SQL concepts; Statistics; Report writing"
"November 29, 2025","February 15, 2026","Research/Education","ecology","Smithsonian Environmental Research Center","Summer Intern","reseacher","Edgewater","MD","USA","hybrid option","limited term","Undergraduate or Master’s student","0","internship",2800,2800,"No","Yes",33600,33600,"Lab/field methods; Data collection; Scientific communication"
"November 29, 2025","Open until filled","Local Government","geospatial","Forest Preserve District of DuPage County","Seasonal GIS Preprofessional","GIS technician","Wheaton","IL","USA","on-site","limited term","Student or recent graduate","0","internship",20,25,"Yes","No",37500,46875,"GPS data collection; ArcGIS; AutoCAD; Trimble; Excel; Word"
"November 28, 2025",NA,"Consulting","geospatial","Ensolum","GIS Technician","GIS technician","Carlsbad","NM","USA","on-site","permanent","AS degree or GIS coursework","0–1","full-time",50000,55000,"No","No",50000,55000,"ArcGIS Pro; Geoprocessing tools; Geodatabase management; Field data collection"
"December 2, 2025","February 28, 2026","Consulting","geospatial","EnviroScience","GIS Analyst","GIS technician","Hendersonville","NC","USA","remote option","permanent","Associate’s or Bachelor’s","1–2","full-time",NA,NA,"No","No",NA,NA,"ArcGIS Pro; ArcGIS Online; ArcGIS Enterprise; QGIS; Spatial analysis; ModelBuilder; Python/ArcPy; Field data management"
"December 2, 2025",NA,"Consulting","energy and infrastructure","PEG","Energy Analyst","data analyst","Fairfax","VA","USA","hybrid","permanent","Bachelor’s preferred","0–1","full-time",44000,44000,"No","No",44000,44000,"Energy modeling (Ekotrope, REMrate, SketchUp); Building energy documents; Data entry; Data analysis; LEED/EnergyStar familiarity"
"December 2, 2025",NA,"Consulting","sustainability","3R","Sustainability Intern (Summer 2026)","sustainability analyst","Pittsburgh","PA","USA","remote option","limited term","Graduate student","0","internship",26,26,"Yes","No",48750,48750,"Google Workspace; MS Office; ESG auditing; Data analysis; Policy review; Sustainability reporting"
"December 4, 2025","December 4, 2025","State Government","geospatial","CAL FIRE","GIS Data Analyst","GIS technician","Sacramento County","CA","USA","on-site","limited term",NA,NA,"full-time",4469,6922,"No","Yes",53628,83064,"ArcGIS; Spatial data management; GIS analysis (limited information provided)"
"December 4, 2025",NA,"Local Government","resource management","Travis County","Senior Environmental Specialist (Data Management)","database manager","Austin","TX","USA","hybrid","permanent","Bachelor’s","3","full-time",64410.84,80513.55,"No","No",64410.84,80513.55,"GIS; Spatial database maintenance; Data analysis; Technical writing; Biological monitoring tools"
"December 6, 2025",NA,"Research/Education","ecology","Bowdoin College","Lab Technician (Biology/Environmental Studies)","researcher","Brunswick","ME","USA","on-site","permanent","Bachelor’s","1","full-time",26.35,26.35,"Yes","No",49406.25,49406.25,"Lab maintenance; Field research; Animal culturing; R; SPSS; Ecology/evolution skills"
"December 6, 2025",NA,"Corporate","plant science","OXMAN","Plant Systems and Field Scientist","environmental scientist","New York","NY","USA","on-site","permanent","MS or PhD","3–5","full-time",75000,225000,"No","No",75000,225000,"QGIS; ENVI; R; Python; Google Earth Engine; Hyperspectral & thermal imaging; LIDAR analysis"
"December 6, 2025",NA,"Consulting","resource management","Geomega","Environmental Scientist II","environmental scientist","Boulder","CO","USA","on-site","permanent","Bachelor’s or Master’s","2","full-time",NA,NA,"No","No",NA,NA,"Python; SQL; R; MATLAB; Minitab; Visual MINTEQ; Geochemistry; Data management"
"December 6, 2025","Open until filled","Non-Profit/NGO","water/coastal","HACD","Conservation Specialist","specialist","Hilo","HI","USA","on-site","permanent","Bachelor’s or 2 years experience","0–2","full-time",16.75,16.75,"Yes","No",31406.25,31406.25,"Excel; Word; Data collection; Technical writing; Basic algebra/geometry; Scientific interpretation"
"December 6, 2025","January 6, 2026 (first review); February 6 (final)","Research/Education","agriculture","UC ANR","Small Farms Advisor","researcher","Fresno","CA","USA","on-site","permanent","Master’s preferred (Bachelor’s with experience possible)","3+","full-time",85600,108600,"No","No",85600,108600,"Applied agricultural research; Data analysis; Outreach; Program evaluation; Crop systems knowledge"
"December 6, 2025","February 28, 2026","Non-Profit/NGO","conservation","JMT Wilderness Conservancy","Seasonal Field Steward",NA,"Truckee","CA","USA","on-site","limited term","BA/BS preferred","2","full-time",25000,30000,"No","No",25000,30000,"Fieldwork; Restoration techniques; Trail crew supervision; WFR; ArcGIS; GPS data collection"
"December 6, 2025","January 23, 2026","Research/Education","geospatial","Great Basin Institute","Project Management & GIS Specialist","GIS technician","South Lake Tahoe","CA","USA","hybrid","limited term","Bachelor’s",NA,"full-time",31,35.5,"Yes","No",58125,66562.5,"ArcGIS Pro; ArcMap; Spatial data management; Python; R; Data organization; Natural resources GIS"
"December 9, 2025",NA,"Corporate","sustainability","Abercrombie & Fitch Co.","Assistant/Associate Sustainability Analyst","sustainability analyst","Columbus","OH","USA","on-site","permanent","Bachelor’s","1","full-time",NA,NA,"No","No",NA,NA,"Excel; MS Office; Power BI"
"December 9, 2025",NA,"Corporate","sustainability","Live Nation Entertainment","Sustainability Data Analyst","sustainability analyst","Remote","CA","USA","remote","permanent","Bachelor’s","2","full-time",76000,95000,"No","No",76000,95000,"Excel; Tableau; Data management"
"December 9, 2025","January 1, 2026","State Government","communication","New York State Department of Environmental Conservation / Friends of Reinstein Woods","Environmental Education Intern","environmental analyst","Depew","NY","USA","on-site","permanent","High school",NA,"internship",16,16,"Yes","No",30000,30000,NA
"December 9, 2025","December 31, 2025","Consulting","water/coastal","EHS Support LLC","Summer Intern","environmental analyst","Remote",NA,"USA","remote","permanent","Bachelor’s",NA,"internship",25,25,"Yes","No",46875,46875,"Environmental data analytics"
"December 9, 2025","January 1, 2026","State Government","forestry","California Department of Forestry & Fire Protection","Forest Practice Research Data Specialist I","researcher","Santa Rosa","CA","USA","on-site","permanent","Bachelor’s",NA,"full-time",6955,8706,"No","Yes",83460,104472,"Python; ArcGIS; ESRI products; Arcade; JavaScript"
"December 12, 2025",NA,"Non-Profit/NGO","communication","The Natural History Museums of Los Angeles County","Data Collector, Evaluation","data specialist","Los Angeles","CA","USA","on-site","permanent","Bachelor’s","1+","part-time",27,27,"Yes","No",50625,50625,NA
"December 12, 2025",NA,"Consulting","energy and infrastructure","Solv, LLC","Environmental Scientist","environmental scientist","McLean","VA","USA","on-site","permanent","Master’s","0–2","full-time",NA,NA,"No","No",NA,NA,NA
"December 12, 2025","January 6, 2026","Research/Education","climate","Rhodium Group","Research Analyst, Climate Impact Projects","researcher","Washington, DC",NA,"USA","hybrid","permanent","Master’s or PhD","2","full-time",NA,NA,"No","No",NA,NA,"Python; R"
"December 12, 2025",NA,"Corporate","sustainability","Carhartt","Sustainability Data Analyst","sustainability analyst",NA,NA,"USA","remote","permanent","Bachelor’s","3+","full-time",NA,NA,"No","No",NA,NA,"Excel"
"December 12, 2025","Until filled","State Government","energy and infrastructure","Governor's Office of Business and Economic Development (GO-Biz)","Staff Services Analyst","environmental analyst","Sacramento County","CA","USA","hybrid","limited term","Bachelor’s",NA,"full-time",3861,6276,"No","Yes",46332,75312,"Excel; MS Office"
"December 12, 2025",NA,"Consulting","sustainability","Malk Partners","ESG Data Analyst","data analyst","New York","NY","USA","hybrid","permanent","Bachelor’s","1","full-time",70000,75000,"No","No",70000,75000,"Excel; SQL"
"December 26, 2025",NA,"Research/Education","communication","Columbia University Irving Medical Center","Data Analyst","data analyst","New York","NY","USA","on-site","permanent","Bachelor’s",NA,"full-time",66300,70000,"No","No",66300,70000,"SQL; Python; R"
"December 26, 2025",NA,"Corporate","geospatial","Pano","Geospatial Data Analyst","geospatial analyst","San Francisco","CA","USA","remote","limited term","Bachelor’s","1-2","full-time",47,59,"Yes","No",88125,110625,"Python; SQL; ArcGIS; GIS; Spatial analysis"
"December 26, 2025",NA,"Consulting","resource management","Anchor QEA","Early-Career Environmental Scientist/Analyst","environmental scientist","Bellingham","WA","USA","hybrid","permanent","Bachelor’s","1–5","full-time",65000,72500,"No","No",65000,72500,"Python; SQL; Excel; Power BI"
"December 26, 2025","December 31, 2025","Local Government","ecology","East Bay Regional Park District","Vegetation Ecologist","environmental scientist","Oakland","CA","USA","on-site","permanent","Bachelor’s","3","full-time",110389.5,124936.5,"No","No",110389.5,124936.5,NA
"December 26, 2025","February 16, 2026","Corporate","forestry","Sierra Pacific Industries","Forestry, Research Technician (Internship)","researcher","Anderson","CA","USA","on-site","limited term","Bachelor's",NA,"full-time",19.5,21.5,"Yes","No",36562.5,40312.5,"GIS"
"December 26, 2025","January 17, 2026","Local Government","geospatial","City of Ankeny","GIS Internship","GIS technician","Ankeny","IA","USA","on-site","limited term","Bachelor's",NA,"full-time",17,17,"Yes","No",31875,31875,"ArcGIS; GIS"
"December 27, 2025","December 30, 2025","Local Government","water/coastal","Olmsted County, Department of Public Health","Environmental Health Analyst","environmental analyst","Rochester","MN","USA","on-site","permanent","Bachelor’s",NA,"full-time",64459.2,107660.8,"No","No",64459.2,107660.8,"Excel"
"December 27, 2025",NA,"Local Government","climate","Houston-Galveston Area Council","Principal Data Analyst, Air Quality Modeler","data analyst","Houston","TX","USA","on-site","permanent","Bachelor’s","5","full-time",95000,105000,"No","No",95000,105000,"GIS; Spatial analysis"
"December 27, 2025","January 7, 2026","State Government","resource management","State of Connecticut DEEP","Environmental Trainee","environmental associate","Hartford","CT","USA","hybrid","limited term","Bachelor’s",NA,"full-time",48410,66636,"No","No",48410,66636,"GIS"
"December 27, 2025",NA,"Corporate","sustainability","FirstEnergy","Sustainability Analyst","sustainability analyst","Akron","OH","USA","on-site","permanent","Bachelor’s","2","full-time",NA,NA,"No","No",NA,NA,"Excel; MS Office"
"January 3, 2026",NA,"Consulting","policy","HHNT Environmental Consults","Environmental Scientist I","environmental scientist","Macon","GA","USA","on-site","permanent","Bachelor’s","0","full-time",NA,NA,"No","No",NA,NA,NA
"January 3, 2026",NA,"Consulting","resource management","WSP","Early-Career Environmental Scientist","environmental scientist","South Jordan","UT","USA","on-site","permanent","Bachelor’s",NA,"full-time",NA,NA,"No","No",NA,NA,NA
"January 3, 2026",NA,"Consulting","resource management","WSP","Early-Career Environmental Chemist","environmental scientist","Merrimack","NH","USA","on-site","permanent","Bachelor’s","0–1","full-time",NA,NA,"No","No",NA,NA,"Excel; MS Office"
"January 3, 2026",NA,"Consulting","water/coastal","WSP","Junior Groundwater Modeller","spatial modeler","Calgary","AB","Canada","on-site","permanent","Bachelor’s",NA,"full-time",NA,NA,"No","No",NA,NA,"ArcGIS; GIS; Spatial analysis"
"January 3, 2026",NA,"Consulting","conservation","Earth Resources Technology, Inc. (ERT)","Fishery Restoration Scientist","environmental scientist","Saint Petersburg","FL","USA","remote","permanent","Bachelor’s","3","full-time",46000,221000,"No","No",46000,221000,"GIS; Spatial analysis"
"January 3, 2026",NA,"State Government","water/coastal","State of Wyoming","Natural Resource Analyst","environmental analyst","Cheyenne","WY","USA","on-site","permanent","Bachelor’s","0–3","full-time",5147.99,5719.99,"No","Yes",61775.88,68639.88,"Excel; MS Office; GIS"
"January 3, 2026","January 23, 2026","State Government","policy","New Mexico Department of Agriculture / NMSU","Natural Resources Policy Plan Analyst Intermediate","specialist","Las Cruces","NM","USA","on-site","permanent","Bachelor’s","2","full-time",53165.8,53165.8,"No","No",53165.8,53165.8,"Excel; MS Office"
"January 3, 2026","January 15, 2026","Local Government","resource management","San Francisco Public Utilities Commission","Natural Resources Planning Intern","environmental associate","San Francisco","CA","USA","hybrid","limited term","Bachelor's","0","part-time",36.65,41.2375,"Yes","No",68718.75,77320.3125,"GIS; Spatial analysis; MS Office"
"January 3, 2026",NA,"Consulting","water/coastal","Rincon Consultants","Water Resources Planner","environmental analyst","San Diego","CA","USA","hybrid option","permanent","Master’s or PhD","2–4","full-time",65000,114000,"No","No",65000,114000,"Excel; MS Office"
"January 3, 2026","January 19, 2026","Non-Profit/NGO","policy","Environmental Law Institute","Research Associate","researcher","Washington, DC",NA,"USA","on-site","limited term","Bachelor’s",NA,"full-time",56500,56500,"No","No",56500,56500,NA
"January 7, 2026","January 12, 2026","Corporate","water/coastal","California Water Service Group","GIS Engineering Technician","GIS technician","San Jose","CA","USA","on-site","permanent","Bachelor’s","1","full-time",44.14,59.55,"Yes","No",82762.5,111656.25,"ArcGIS; GIS; ESRI products; Excel; MS Office"
"January 7, 2026",NA,"Corporate",NA,"Eurofins Scientific","Assistant Environmental Engineer / Environmental Engineer","environmental scientist","Singapore",NA,"Singapore","on-site","permanent","Bachelor’s","1","full-time",NA,NA,"No","No",NA,NA,"Excel"
"January 7, 2026","January 18, 2026","Federal Government","energy and infrastructure","National Renewable Energy Laboratory","Graduate Intern: Geospatial Data Science Modeling and Analysis","researcher","Golden","CO","USA","on-site","limited term","Master’s",NA,"internship",43700,69900,"No","No",43700,69900,"Python; NumPy; SciPy; Pandas; QGIS; GIS; Spatial analysis"
"January 9, 2026",NA,"Consulting","sustainability","Malk Partners","ESG Data Analyst","data analyst","New York","NY","USA","hybrid","permanent","Bachelor’s","1","full-time",70000,75000,"No","No",70000,75000,"Excel; SQL; Power BI; Tableau"
"January 9, 2026","January 21, 2026","State Government","geospatial","California Department of Transportation","Surveys Public Counter & GIS Analyst","geospatial analyst","San Luis Obispo","CA","USA","hybrid option","permanent","Bachelor’s",NA,"full-time",6647,8325,"No","Yes",79764,99900,"ArcGIS; GIS; Spatial analysis; SQL"
"January 9, 2026","January 19, 2026","Research/Education","climate","University of California, Santa Barbara","Emissions Modeling Specialist","specialist","Santa Barbara","CA","USA","on-site","limited term","Master’s",NA,"full-time",64100,90300,"No","No",64100,90300,"R; Python; SQL; GIS; Spatial analysis"
"January 9, 2026",NA,"Corporate","climate","Alignerr","data specialist","Climate Data Specialist / Environmental Science Expert","Remote",NA,"USA","remote","limited term","Master’s or PhD",NA,"short-term project",75,90,"Yes","No",140625,168750,"Python; R"
"January 9, 2026","February 6, 2026","Federal Government","forestry","USDA Forest Service","Wildland Fire Weather Research Fellow","researcher","Seattle","WA","USA","on-site","limited term","Master’s",NA,"fellowship",70000,90000,"No","No",70000,90000,"Remote sensing; Spatial analysis"
"January 10, 2026",NA,"Local Government","water/coastal","South Florida Water Management District","Geographer","geospatial analyst","West Palm Beach","FL","USA","on-site","permanent","Bachelor’s",NA,"full-time",65000,75000,"No","No",65000,75000,"ArcGIS; GIS; Spatial analysis"
"January 10, 2026",NA,"Local Government","environmental justice","Bergen County Department of Health Services","Environmental Health Specialist","environmental scientist","Hackensack","NJ","USA","on-site","permanent","Bachelor’s","1","full-time",60000,60000,"No","No",60000,60000,"Excel"
"January 10, 2026",NA,"Corporate","energy and infrastructure","Modo Energy","Energy Statistician","data scientist","New York","NY","USA","on-site","permanent","Master’s","1","full-time",81557,132500,"No","No",81557,132500,"Python; R; NumPy; Pandas; SciPy"
"January 14, 2026",NA,"Consulting","policy","WSP","Early Career Environmental Planner","environmental analyst","Honolulu","HI","USA","on-site","permanent","Bachelor’s","0-1","full-time",50400,83160,"No","No",50400,83160,"ArcGIS; GIS; Excel; MS Office"
"January 14, 2026",NA,"Corporate","sustainability","Arboretica","Data Science Internships","data scientist","Rotterdam",NA,"Netherlands","hybrid option","limited term","Bachelor’s",NA,"internship",NA,NA,"No","No",NA,NA,"Python"
"January 14, 2026","February 6, 2026","Non-Profit/NGO","conservation","American Conservation Experience","GIS Fellow","GIS technician","Remote",NA,"USA","remote","limited term","Bachelor’s",NA,"fellowship",1100,1100,"No","No",55000,55000,"ArcGIS; GIS; ESRI products; Python"
"January 14, 2026","February 6, 2026","Non-Profit/NGO","agriculture","Lopez Community Land Trust","Sustainable Agriculture and Development Intern","environmental associate","Lopez Island","WA","USA","on-site","limited term",NA,NA,"internship",200,200,"No","No",10000,10000,NA
"January 16, 2026",NA,"Consulting","energy and infrastructure","Opinion Dynamics","Associate Quantitative Analyst","data analyst","Multiple",NA,"USA","hybrid","permanent","Bachelor’s","0-3","full-time",75000,105000,"No","No",75000,105000,"R; STATA; SQL"
"January 16, 2026",NA,"Consulting","sustainability","ERM","Consultant / GIS Specialist","environmental consultant","Walnut Creek or Sacramento","CA","USA","hybrid","permanent","Bachelor’s","1","full-time",72710,91250,"No","No",72710,91250,"ArcGIS; GIS; ESRI products; Python; Spatial analysis"
"January 16, 2026",NA,"State Government","geospatial","California Department of Food & Agriculture","Research Data Specialist I (GIS)","data specialist","Sacramento County","CA","USA","hybrid","permanent","Bachelor’s",NA,"full-time",6955,8706,"No","Yes",83460,104472,"ArcGIS; GIS; Spatial analysis"
"January 17, 2026",NA,"Corporate","energy and infrastructure","Wilson Construction Company","GIS Analyst / Environmental Scientist","environmental scientist","Aurora","OR","USA","on-site","permanent","Bachelor’s",NA,"full-time",NA,NA,"No","No",NA,NA,"ArcGIS; GIS; Spatial analysis"
"January 17, 2026",NA,"Non-Profit/NGO","water/coastal","Sustainable Conservation","Environmental Data Analyst (Soil & Water)","environmental analyst","Modesto/Sacramento","CA","USA","hybrid","permanent","Master’s","3+","full-time",83992,89719,"No","No",83992,89719,"ArcGIS; GIS; R; Spatial analysis"
"January 17, 2026",NA,"Consulting","climate","Stok","Greenhouse Gas Data Analyst, Carbon Services","sustainability analyst","Multiple",NA,"USA","remote option","permanent","Bachelor’s","2+","full-time",70000,90000,"No","No",70000,90000,"Excel; Power BI"
"January 17, 2026",NA,"Corporate","sustainability","Marvell","Sustainability Analyst Intern","sustainability analyst","Santa Clara","CA","USA","on-site","limited term","Master’s",NA,"internship",22,43,"Yes","No",41250,80625,"Excel; Power BI"
"January 17, 2026",NA,"Corporate","agriculture","Syngenta Seeds","Geospatial Remote Sensing Intern","geospatial analyst","Des Moines","IA","USA","on-site","limited term","Master’s",NA,"internship",21,40,"Yes","No",39375,75000,"Python; R; ArcGIS; QGIS; GIS; Remote sensing; Spatial analysis"
"January 21, 2026",NA,"Consulting","water/coastal","Floyd|Snider","Environmental Data Scientist","data scientist","Seattle","WA","USA","on-site","permanent","Bachelor’s",NA,"full-time",75000,80000,"No","No",75000,80000,"R; Python; SQL; Tableau; Excel; MS Office"
"January 21, 2026","February 14, 2026","Consulting","agriculture","Land IQ","Remote Sensing Scientist","environmental scientist","Sacramento","CA","USA","on-site","permanent","Master’s","0-5","full-time",85000,115000,"No","No",85000,115000,"Python; NumPy; SciPy; Pandas; GIS; Remote sensing; Spatial analysis"
"January 21, 2026","February 14, 2026","Consulting","energy and infrastructure","ICF","Summer Intern, Energy Analyst","data analyst","Remote",NA,"USA","remote option","limited term","Bachelor’s",NA,"internship",23,23,"Yes","No",43125,43125,"Excel; MS Office; Power BI"
"January 21, 2026",NA,"Consulting","energy and infrastructure","ICF","Summer Internships","environmental analyst","Remote",NA,"USA","remote","limited term","Bachelor’s",NA,"internship",34564,58758,"No","No",34564,58758,NA
"January 21, 2026","February 6, 2026","Consulting","climate","Rincon Consultants","Summer Internship Program","environmental associate","Multiple","CA","USA","on-site","limited term","Bachelor’s",NA,"internship",27,27,"Yes","No",50625,50625,NA
"January 23, 2026","January 30, 2026","Research/Education","energy and infrastructure","Rhodium Group","research analyst","Research Analyst, US Energy Projects","Washington, DC",NA,"USA","hybrid","permanent","Master’s","2","full-time",95256,95256,"No","No",95256,95256,"Python; Excel"
"January 23, 2026","January 30, 2026","State Government","ecology","California Department of Fish and Wildlife","CEMAF Data Scientist","environmental scientist","Yolo County","CA","USA","hybrid","permanent","Master’s",NA,"full-time",7820,10732,"No","Yes",93840,128784,"R; Python; GIS; Spatial analysis"
"January 23, 2026","January 28, 2026","State Government","water/coastal","State Water Resources Control Board","Environmental Scientist","environmental scientist","Sacramento County","CA","USA","hybrid","permanent","Bachelor’s",NA,"full-time",4418,9321,"No","Yes",53016,111852,"R; Python; GIS; Excel; Power BI"
"January 24, 2026","February 1, 2026","Non-Profit/NGO","conservation","Duke Farms","GIS and Database Coordinator","database manager","Hillsborough","NJ","USA","on-site","permanent","Bachelor’s",NA,"full-time",26.54,33.17,"Yes","No",49762.5,62193.75,"R; ArcGIS; GIS; ESRI products; Remote sensing; Spatial analysis"
"January 24, 2026","February 5, 2026","State Government","resource management","West Virginia Department of Environmental Protection","Environmental Resources Analyst","environmental analyst","Barbour County","WV","USA","on-site","permanent","Master’s","4","full-time",50242,88526,"No","No",50242,88526,"Excel; GIS"
"January 26, 2026","February 8, 2026","Local Government","sustainability","City of American Canyon","Sustainability Analyst","sustainability analyst","American Canyon","CA","USA","on-site","limited term","Bachelor’s","2","part-time",34,40,"Yes","No",63750,75000,NA
"January 26, 2026","February 10, 2026","Local Government","geospatial","County of Maui","GIS Analyst","GIS technician","Maui County","HI","USA","on-site","permanent","Bachelor’s","2","full-time",5369,5369,"No","Yes",64428,64428,"GIS; Remote sensing; Spatial analysis"
"January 28, 2026","February 3, 2026","State Government","forestry","Department of Forestry and Fire Protection","Research Data Analyst II (GIS)","data analyst","San Luis Obispo County","CA","USA","on-site","permanent","Bachelor’s",NA,"full-time",6647,8573,"No","Yes",79764,102876,"GIS; Spatial analysis"
"January 28, 2026",NA,"Non-Profit/NGO","forestry","Hawaii Agriculture Research Center","Forestry Specialist","environmental scientist","Waipahu","HI","USA","on-site","permanent","Bachelor’s","1–3","full-time",22,27,"Yes","No",41250,50625,"GIS"
"January 28, 2026",NA,"Non-Profit/NGO","policy","American Enterprise Institute","Research Assistant, Energy and Climate Policy","researcher","Washington, DC",NA,"USA","on-site","permanent","Bachelor’s","0–2","full-time",50000,54000,"No","No",50000,54000,"ArcGIS; Python; STATA"
"January 30, 2026",NA,"Non-Profit/NGO","geospatial","WWF","Enterprise Geospatial Intern","GIS technician","Washington, DC",NA,"USA","on-site","limited term","Bachelor’s",NA,"internship",22.5,22.5,"Yes","No",42187.5,42187.5,"ArcGIS; QGIS; GIS; Spatial analysis; Excel"
"January 30, 2026","February 9, 2026","Non-Profit/NGO","communication","Global Fishing Watch","Data Analyst, Media Relations","data analyst",NA,NA,"USA","remote","limited term","Bachelor’s",NA,"full-time",80000,95000,"No","No",80000,95000,"R; SQL"
"January 30, 2026",NA,"Research/Education","climate","University of Chicago (Climate Impact Lab)","Research Professional","researcher","Chicago","IL","USA","on-site","limited term","Master’s",NA,"full-time",55000,62000,"No","No",55000,62000,"R"
"January 30, 2026",NA,"Consulting","energy and infrastructure","Aurora Energy Research","Research Analyst","data analyst","Oakland","CA","USA","on-site","permanent","Bachelor’s",NA,"full-time",NA,NA,"No","No",NA,NA,"SQL; Python; R; Excel"
"January 30, 2026",NA,"Research/Education","water/coastal","Mote Marine Laboratory","Restoration Data Management & Analytics Coordinator","data specialist","Summerland Key","FL","USA","on-site","permanent","Master’s",NA,"full-time",NA,NA,"No","No",NA,NA,"GIS; Spatial analysis; R"
"February 5, 2026",NA,"Non-Profit/NGO","environmental justice","Environmental Integrity Project","GIS Analyst","GIS technician","Washington, DC",NA,"USA","hybrid option","permanent","Bachelor’s","4","full-time",62000,82000,"No","No",62000,82000,"ArcGIS; QGIS; R; Python; GIS"
"February 2, 2026",NA,"Consulting","sustainability","ERM Energetics","Data Analyst, ESG","sustainability analyst","Sydney",NA,"Australia","hybrid","permanent","Bachelor’s",NA,"full-time",NA,NA,"No","No",NA,NA,"Excel"
"February 2, 2026","February 5, 2026","Local Government","conservation","Toronto and Region Conservation Authority","GIS & Data Analyst","data analyst","Toronto",NA,"Canada","on-site","permanent","Bachelor’s","2+","full-time",37.6,43.57,"Yes","No",70500,81693.75,"ArcGIS; ESRI products; GIS; MS Office"
"February 6, 2026",NA,"Local Government","geospatial","City of Oxnard","GIS Analyst","GIS technician","Oxnard","CA","USA","on-site","permanent","Bachelor’s","3","full-time",80618.1,106968.58,"No","No",80618.1,106968.58,"ESRI products; GIS"
"February 5, 2026",NA,"Consulting","water/coastal","Luhdorff & Scalmanini Consulting Engineers","Project Hydrogeologist","environmental scientist",NA,"CA","USA","on-site","permanent","Master’s",NA,"full-time",80000,130000,"No","No",80000,130000,"GIS; Spatial analysis"
"February 6, 2026","February 20, 2026","Non-Profit/NGO","conservation","Chesapeake Conservancy","Conservation Data Specialist","data scientist","Annapolis","MD","USA","hybrid","permanent","Bachelor’s","2-3","full-time",70000,80000,"No","No",70000,80000,"Python; R; SQL; GIS; Spatial analysis"
"February 6, 2026","March 6, 2026","Federal Government","geospatial","NASA","EarthRISE Developers Academy","programmer",NA,NA,"USA","remote option","limited term","fellowship",NA,"fellowship",NA,NA,"Yes","No",NA,NA,"GIS; Remote sensing"
"February 6, 2026","March 27, 2026","Federal Government","water/coastal","Delaware River Basin Commission","Summer Internships","researcher","West Trenton","NJ","USA","hybrid","limited term","Bachelor’s",NA,"internship",NA,NA,"No","No",NA,NA,"Python; R; ArcGIS; Excel; GIS"
"February 7, 2026",NA,"Corporate","sustainability","RR Donnelley","EHS Sustainability Specialist","specialist","Warrenville","IL","USA","remote option","permanent","Bachelor’s","3","full-time",67800,105800,"No","No",67800,105800,"MS Office"
"February 7, 2026",NA,"Consulting","energy and infrastructure","KeyLogic","Technical Analyst (Energy Sector & Climate Systems)","environmental analyst",NA,NA,"USA","hybrid","permanent","Bachelor’s",NA,"full-time",65000,2e+05,"No","No",65000,2e+05,"Python; R; STATA"
"February 7, 2026","March 1, 2025","Non-Profit/NGO","climate","The International Council on Clean Transportation","Policy and Data Analysis Intern","data analyst","Washington, DC",NA,"USA","hybrid","limited term","Bachelor’s",NA,"internship",23.87,26.25,"Yes","No",44756.25,49218.75,"Python; R; Pandas; NumPy; SciPy; Excel"
"February 9, 2026",NA,"Consulting","geospatial","OMS Group","GIS and Data Specialist","data analyst","Pleasant Hill","CA","USA","hybrid","permanent","Bachelor’s","2–4","full-time",28,35,"Yes","No",52500,65625,"ArcGIS; QGIS; GIS; Power BI; Excel"
"February 9, 2026",NA,"Research/Education",NA,"UC Irvine Health","Community Data Analyst","data analyst","Irvine","CA","USA","on-site","permanent","Bachelor’s","3–5","full-time",88000,106400,"No","No",88000,106400,NA
"February 10, 2026","February 17, 2026","State Government","energy and infrastructure","California Public Utilities Commission","Document and Energy Content Analyst","environmental analyst","San Francisco County","CA","USA","hybrid option","permanent","Bachelor’s",NA,"full-time",6031,7547,"No","Yes",72372,90564,NA
"February 10, 2026","February 20, 2026","State Government","water/coastal","San Francisco Bay Conservation & Development Commission","Research Data Analyst I","data analyst","San Francisco County","CA","USA","hybrid","limited term","Bachelor’s",NA,"full-time",4469,6922,"No","Yes",53628,83064,"ArcGIS; ESRI products; GIS"
"February 10, 2026",NA,"Research/Education",NA,"UCSF","Data Analyst","data analyst","San Francisco","CA","USA","hybrid","limited term","Bachelor’s","1+","part-time",34.48,74.04,"Yes","No",64650,138825,"STATA; R; Excel; MS Office"
"February 10, 2026",NA,"Corporate","energy and infrastructure","AEMO","Energy Data Analyst","data analyst","Melbourne",NA,"Australia","hybrid","permanent","Bachelor’s",NA,"full-time",NA,NA,"No","No",NA,NA,"SQL; Python; R; Power BI"
"February 11, 2026","February 20, 2026","Corporate","energy and infrastructure","Con Edison","Analyst, Energy Management","data analyst","New York","NY","USA","on-site","permanent","Bachelor’s","2","full-time",80000,105000,"No","No",80000,105000,"Python; SQL; R"
"February 11, 2026",NA,"Non-Profit/NGO","energy and infrastructure","Northwest Energy Efficiency Alliance","Market Analyst","data analyst","Portland","OR","USA","hybrid","permanent","Bachelor’s","3+","full-time",90000,1e+05,"No","No",90000,1e+05,"Python; R; Excel"
"February 11, 2026",NA,"Non-Profit/NGO","sustainability","Winrock International","Analyst, Sustainability Services","sustainability analyst",NA,NA,"USA","remote option","permanent","Bachelor’s","1","full-time",53000,62000,"No","No",53000,62000,"Excel; MS Office"
"February 11, 2026",NA,"Consulting","geospatial","ESource","Data Scientist / Geospatial Analyst","data scientist",NA,NA,"USA","remote","permanent","Master’s",NA,"full-time",90000,145000,"No","No",90000,145000,"Python; R; Remote sensing; LiDAR; Spatial analysis"
"February 18, 2026",NA,"Non-Profit/NGO","energy and infrastructure","GRID Alternatives","Community Engagement and Data Intern","data analyst","Riverside","CA","USA","hybrid","limited term","Bachelor’s",NA,"internship",20,20,"Yes","No",37500,37500,"Excel; MS Office"
"February 18, 2026","March 1, 2026","Non-Profit/NGO","policy","Cato Institute","Research Intern, Energy and Environmental Policy","researcher","Washington, DC",NA,"USA","on-site","limited term","Bachelor’s",NA,"internship",17.95,17.95,"Yes","No",33656.25,33656.25,"R; Python"
"February 18, 2026",NA,"Consulting","policy","Kimley-Horn","Environmental Planning Analyst","environmental analyst","Riverside","CA","USA","on-site","permanent","Bachelor’s","0","full-time",83000,91000,"No","No",83000,91000,NA
"February 19, 2026",NA,"Non-Profit/NGO","resource management","Upper Skagit Indian Tribe","Fisheries Scientist","environmental scientist","Sedro-Woolley","WA","USA","on-site","permanent","Master’s or PhD","5","full-time",NA,NA,"No","No",NA,NA,"R"
"February 19, 2026","March 31, 2026","Research/Education","water/coastal","California Sea Grant","Delta Extension Fellowship","researcher","Davis","CA","USA","on-site","limited term","Master’s",NA,"fellowship",NA,NA,"No","Yes",NA,NA,"R"
"February 20, 2026",NA,"Non-Profit/NGO","communication","The Nature Conservancy","Global Climate Communications Intern","specialist",NA,NA,"USA","remote","limited term","High school",NA,"internship",17,17,"Yes","No",31875,31875,"MS Office"
"February 20, 2026",NA,"Corporate","sustainability","Weyerhaeuser","Sustainability and Corporate Affairs Intern","sustainability analyst","Seattle","WA","USA","on-site","limited term","Bachelor’s",NA,"internship",23,33,"Yes","No",43125,61875,"Excel; MS Office; Power BI"
"February 21, 2026",NA,"Non-Profit/NGO","water/coastal","Environmental Defense Fund","Internship","researcher",NA,NA,"USA","remote option","limited term","Bachelor’s",NA,"internship",18,20,"Yes","No",33750,37500,NA
"February 21, 2026",NA,"Consulting","energy and infrastructure","ICF","Clean Transportation Researcher","researcher","Arlington","VA","USA","hybrid","permanent","Bachelor’s","0","full-time",55424,94221,"No","No",55424,94221,NA
"February 21, 2026",NA,"Non-Profit/NGO","policy","Bipartisan Policy Center","Policy Analyst","environmental analyst","Washington, DC",NA,"USA","hybrid","permanent","Bachelor’s","2–4","full-time",70000,75000,"No","No",70000,75000,NA
"February 21, 2026",NA,"Corporate","geospatial","Matter Intelligence","Junior Geospatial Data Scientist","data scientist","San Francisco","CA","USA","on-site","permanent","Bachelor’s",NA,"full-time",NA,NA,"No","No",NA,NA,"Python; NumPy; SciPy; Remote sensing"
"February 24, 2026",NA,"Local Government","water/coastal","City of Pomona","Water Conservation Specialist","environmental specialist","Pomona","CA","USA","on-site","permanent","High school","2","full-time",68256,82980,"No","No",68256,82980,NA
"February 24, 2026",NA,"Non-Profit/NGO","climate","Woodwell Climate Research Center","Temporary Research Assistant (Geospatial Data Scientist)","data scientist","Falmouth","MA","USA","remote option","limited term","Master’s","2","full-time",17,17,"Yes","No",31875,31875,"Python; R; GIS"
"February 24, 2026","February 27, 2026","Local Government","water/coastal","Metropolitan Transportation Commission","Data Analytics and Outreach Coordinator","data analyst","San Francisco","CA","USA","hybrid","limited term","Bachelor’s",NA,"full-time",93704,137009.6,"No","No",93704,137009.6,"R; Python; Tableau; GIS"
"February 25, 2026",NA,"Non-Profit/NGO","conservation","National Audubon Society","Dangermond Fellow","GIS technician",NA,NA,"USA","remote option","limited term","Bachelor’s",NA,"fellowship",25.35,25.35,"Yes","No",47531.25,47531.25,"Python; R; GIS; Spatial analysis"
"February 25, 2026",NA,"Corporate","energy and infrastructure","MMWEC","Junior Energy Market Analyst","data analyst","Ludlowe","MA","USA","on-site","permanent","Bachelor’s",NA,"full-time",28.85,28.85,"Yes","No",54093.75,54093.75,"SQL; Excel"
"February 25, 2026","March 7, 2026","State Government","sustainability","CalRecycle","Research Data Analyst","data analyst","Sacramento County","CA","USA","on-site","limited term","Bachelor’s",NA,"full-time",4469,6922,"No","Yes",53628,83064,"GIS; Excel; MS Office"
"February 25, 2026","March 7, 2026","Local Government","energy and infrastructure","SANDAG","Transportation Researcher and Modeler","spatial modeler","San Diego","CA","USA","on-site","permanent","Bachelor’s",NA,"full-time",74422.4,147305.6,"No","No",74422.4,147305.6,"Python; R; SQL; GIS; ArcGIS"
"February 28, 2026","March 6, 2026","Local Government","geospatial","East Bay Municipal Utility District","Geographic Information Systems Specialist","GIS technician","Oakland","CA","USA","on-site","permanent","Bachelor’s","2","full-time",101280,123096,"No","No",101280,123096,"GIS; ArcGIS"
"February 28, 2026",NA,"Consulting","geospatial","Eocene Environmental Group","On-Call Cultural GIS Specialist II","GIS technician",NA,NA,"USA","remote","permanent","Bachelor’s","4+","full-time",24.47,34.28,"Yes","No",45881.25,64275,"ArcGIS; ESRI products; GIS"
"February 28, 2026","March 26, 2026","Consulting","policy","Peak Consulting Group","Environmental Planning Intern","environmental analyst","Lakewood","CO","USA","hybrid","limited term","Bachelor’s",NA,"internship",22,26,"Yes","No",41250,48750,"MS Office; GIS"
"March 4, 2026",NA,"Non-Profit/NGO","water/coastal","Environmental Defense Fund","Agricultural Water Data Intern","data analyst",NA,NA,"USA","remote option","limited term","Master’s",NA,"internship",20,24,"Yes","No",37500,45000,"ArcGIS; QGIS; Python; R; GIS; Remote sensing"
"March 4, 2026",NA,"Consulting","sustainability","Arcadis","Sustainability Advisory Intern","sustainability analyst","Washington, DC",NA,"USA","on-site","limited term","Bachelor’s",NA,"internship",23.75,35.62,"Yes","No",44531.25,66787.5,"Python; R; Power BI; Tableau; Excel"
"March 4, 2026",NA,"Consulting","ecology","LaBella Associates","Environmental Analyst","environmental analyst",NA,"NY","USA","hybrid","permanent","Bachelor’s","0–5","full-time",50000,65000,"No","No",50000,65000,"GIS"
"March 4, 2026","March 23, 2026","Local Government","water/coastal","Monterey Peninsula Water Management District","Water Demand Analyst","environmental analyst","Monterey","CA","USA","on-site","permanent","Bachelor’s","3","full-time",NA,NA,"No","No",NA,NA,NA
"March 6, 2026",NA,"Corporate","sustainability","Sol de Janeiro","Sustainability Analyst","sustainability analyst","New York","NY","USA","hybrid","permanent","Bachelor’s","2+","full-time",70000,80000,"No","No",70000,80000,"Excel"
"March 6, 2026",NA,"Corporate","sustainability","BNY","ESG Data Solutions & Controls Associate","data analyst","New York","NY","USA","hybrid","permanent","Bachelor’s",NA,"full-time",53000,85000,"No","No",53000,85000,"Excel; MS Office"
"March 6, 2026",NA,"Corporate","energy and infrastructure","DTE Energy Trading","Environmental Markets Analyst","data analyst","San Francisco","CA","USA","hybrid","permanent","Bachelor’s","2","full-time",77000,116000,"No","No",77000,116000,"Python; R; SQL; Excel"
"March 7, 2026",NA,"Consulting","water/coastal","Geosyntec Consultants","Early-Career Subsurface Modeler","spatial modeler","Santa Barbara","CA","USA","on-site","permanent","Bachelor’s",NA,"full-time",70304,74220,"No","No",70304,74220,"Python; R"
"March 7, 2026","March 19, 2026","Research/Education","climate","Scripps Institution of Oceanography","Remote Sensing and Atmospheric Scientist","environmental scientist","San Diego","CA","USA","hybrid","permanent","Master’s",NA,"full-time",88000,106000,"No","No",88000,106000,"Python; MATLAB; ArcGIS; QGIS; Remote sensing"
"March 7, 2026",NA,"Consulting","resource management","Montrose Environmental","Environmental Professional (Analyst)","environmental analyst",NA,"CA","USA","remote","permanent","Bachelor’s","1–3","full-time",NA,NA,"No","No",NA,NA,"ArcGIS; MS Office"
"March 7, 2026","March 27, 2026","State Government","water/coastal","Montana Department of Natural Resources and Conservation","Water Conservation Specialist","environmental specialist","Helena","MT","USA","on-site","permanent","Bachelor’s","1+","full-time",63544,63544,"No","No",63544,63544,"GIS; Excel; MS Office"
"March 7, 2026","March 20, 2026","Corporate","forestry","Manulife/John Hancock","Resource Planning Analyst","environmental analyst","Charlotte","NC","USA","hybrid","permanent","Bachelor’s",NA,"full-time",61875,103125,"No","No",61875,103125,"Modeling"
"March 11, 2026",NA,"Corporate","sustainability","Watershed","Sustainability Platform Specialist","data analyst","New York","NY","USA","on-site","permanent","Bachelor’s","1-3","full-time",126000,140000,"No","No",126000,140000,"Excel; SQL"
"March 11, 2026",NA,"Corporate","energy and infrastructure","Solar Landscape","Solar Asset Analyst","data analyst","Asbury Park","NJ","USA","on-site","permanent","Bachelor’s",NA,"full-time",70000,80000,"No","No",70000,80000,"Excel; MS Office"
"March 11, 2026",NA,"Consulting","water/coastal","WestWater Research","Water Consulting Analyst","data analyst","San Francisco","CA","USA","on-site","permanent","Bachelor’s",NA,"full-time",70000,95000,"No","No",70000,95000,"Excel; Tableau; Python; R"
"March 11, 2026","March 22, 2026","Local Government","sustainability","City of Union City","Sustainability Analyst","sustainability analyst","Union City","CA","USA","on-site","permanent","Bachelor’s","2","full-time",7750,11121,"No","Yes",93000,133452,"Excel; MS Office"
"March 11, 2026",NA,"Consulting","ecology","Jodi McGraw Consulting","Assistant/Associate Ecologist/Botanist","environmental scientist","Santa Cruz","CA","USA","on-site","permanent","Bachelor’s","2","full-time",60000,120000,"No","No",60000,120000,NA
"March 13, 2026","March 23, 2026","Local Government","sustainability","City of Thousand Oaks","Assistant Sustainability Analyst","sustainability analyst","Thousand Oaks","CA","USA","hybrid","permanent","Bachelor’s","2","full-time",80594,100743,"No","No",80594,100743,"Excel; GIS; MS Office"
"March 13, 2026",NA,"Corporate","sustainability","Autodesk","Sustainable Buildings & AI Research Internship","researcher",NA,"CA","USA","remote","permanent","Master’s or PhD",NA,"internship",72800,118500,"No","No",72800,118500,"Modeling"
"March 14, 2026",NA,"Local Government",NA,"Chicago Public Schools","Data Strategist","data scientist","Chicago","IL","USA","on-site","permanent","Bachelor’s","3","full-time",62555,98430,"No","No",62555,98430,"R; Python; SQL"
"March 14, 2026","March 27, 2026","State Government","geospatial","Texas Commission on Environmental Quality","GIS Cartographer/Analyst","geospatial analyst","Austin","TX","USA","on-site","permanent","Bachelor’s","1","full-time",4454,4454,"No","Yes",53448,53448,"ArcGIS; GIS; ESRI products; Python; Spatial analysis"
"March 14, 2026",NA,"Corporate",NA,"Garner Health","Data Analyst II / Data Scientist II / Data Operations Associate","data scientist","New York","NY","USA","remote option","permanent","Bachelor’s","0-5","full-time",60000,185000,"No","No",60000,185000,"R; Python; SQL"
"March 17, 2026","March 25, 2026","International Organization","energy and infrastructure","International Atomic Energy Agency","AI Tools and Modelling Intern","researcher","Vienna",NA,"Austria","on-site","limited term","Bachelor's",NA,"internship",NA,NA,"No","No",NA,NA,"Python; Modeling"
"March 17, 2026","March 19, 2026","State Government","air quality","San Joaquin Valley Air Pollution Control District","Air Quality Specialist","environmental analyst","Fresno","CA","USA","hybrid","permanent","Bachelor’s",NA,"full-time",6141.98,8648.81,"No","Yes",73703.76,103785.72,"Excel; R; Python"
"March 17, 2026",NA,"Research/Education","geospatial","Harte Research Institute","Geospatial Analyst","geospatial analyst","Corpus Christi","TX","USA","on-site","permanent","Bachelor’s","2","full-time",NA,NA,"No","No",NA,NA,"ArcGIS; GIS; Remote sensing; Spatial analysis"
"March 17, 2026",NA,"Corporate","energy and infrastructure","BloombergNEF","Grids Analyst","data analyst","New York","NY","USA","on-site","permanent","Bachelor’s",NA,"full-time",75000,85000,"No","No",75000,85000,"Python; Excel; SQL; MS Office"
"March 17, 2026",NA,"Local Government","geospatial","Los Angeles County","Geographic Information Systems Analyst","GIS technician","Los Angeles","CA","USA","on-site","permanent",NA,NA,"full-time",92175.36,117649.2,"No","No",92175.36,117649.2,"GIS; ArcGIS; Spatial analysis"
"March 17, 2026","April 30, 2026","Consulting","sustainability","G&A Institute","Sustainability Reports Research Analyst, Internship","researcher",NA,NA,"USA","remote option","part-time","Master’s",NA,"internship",17,17,"Yes","No",31875,31875,"Excel; MS Office"
"March 17, 2026",NA,"Research/Education",NA,"Stanford University","Research Data Analyst","data analyst","Stanford","CA","USA","hybrid","permanent","Master’s or PhD",NA,"full-time",80148,99773,"No","No",80148,99773,"R; Python; SQL; SAS"
"March 17, 2026",NA,"Corporate","sustainability","Brightmark","Renewable Natural Gas Markets Analyst","data analyst",NA,NA,"USA","remote","permanent","Associate or Bachelor’s",NA,"full-time",1e+05,120000,"No","No",1e+05,120000,"Excel; SQL; VBA; MS Office"
"March 17, 2026",NA,"Corporate","sustainability","BTG Pactual","Sustainability Analyst","sustainability analyst","New York","NY","USA","on-site","permanent","Bachelor’s","2-3","full-time",NA,NA,"No","No",NA,NA,NA
"March 17, 2026",NA,"Corporate","energy and infrastructure","SAIC","Meteorology Satellite Data Assimilation Research Scientist","researcher","Monterey","CA","USA","on-site","permanent","Bachelor’s","2","full-time",80001,120000,"No","No",80001,120000,"FORTRAN; MATLAB; Python; Shell Scripting; Modeling"
"March 17, 2026",NA,"Corporate","geospatial","MGE Inc.","GIS Mapping Analyst","GIS technician","Concord","CA","USA","hybrid","permanent","Bachelor’s","2","full-time",34,34,"Yes","No",63750,63750,"GIS; Spatial analysis"
"March 26, 2026",NA,"Non-Profit/NGO","agriculture","Community Environmental Council","Climate Smart Agriculture Programs Manager","environmental analyst","Santa Barbara","CA","USA","hybrid","permanent","Bachelor’s","2","full-time",70000,80000,"No","No",70000,80000,NA
"March 26, 2026","April 15, 2026","Local Government","geospatial","City of Clovis","GIS Analyst","geospatial analyst","Clovis","CA","USA","on-site","permanent","Bachelor’s","2","full-time",93252,113352,"No","No",93252,113352,"ArcGIS;SQL;GIS;ESRI products"
"March 26, 2026",NA,"Consulting","climate","Rincon Consultants","Coastal Planner / Coastal Resilience Planner","environmental consultant","Ventura","CA","USA","on-site","permanent","Bachelor’s","4","full-time",85000,120000,"No","No",85000,120000,"Python;GIS;ArcGIS;QGIS;Excel;Modeling"
"March 26, 2026",NA,"Corporate","sustainability","Ingram Micro","Summer Intern, Sustainable Impact Reporting & Communications","sustainability analyst","Irvine","CA","USA","hybrid","limited term","Bachelor’s","2","internship",48200,77100,"No","No",48200,77100,"MS Office;Excel"
"March 26, 2026","April 15, 2026","Corporate","resource management","Napa Recycling & Waste Services","Compost Compliance Intern","environmental analyst","Woodland","CA","USA","on-site","limited term","Bachelor’s",NA,"internship",18,23,"Yes","No",33750,43125,"MS Office;Excel"
"March 26, 2026","April 17, 2026","Non-Profit/NGO","geospatial","International Association of Certified ISAOs, Inc.","Geospatial Intelligence Intern","geospatial analyst",NA,NA,"USA","remote","limited term","Bachelor’s",NA,"internship",NA,NA,"No","No",NA,NA,"GIS;Spatial analysis"
"March 26, 2026","April 11, 2026","Corporate","geospatial","TeroAI","Geospatial Data Scientist Intern","data scientist",NA,NA,"USA","remote","limited term","Bachelor’s",NA,"internship",15,15,"Yes","No",28125,28125,"Python;SQL;GIS;ArcGIS;QGIS;Spatial analysis"
"March 26, 2026",NA,"Non-Profit/NGO","water/coastal","XPRIZE","Value of Water Communications Intern","specialist",NA,NA,"USA","remote","limited term","Bachelor’s",NA,"internship",18,22,"Yes","No",33750,41250,"MS Office"
"March 26, 2026","April 10, 2026","Local Government","resource management","City of Woodland","Fleet Data & Asset Management Fellow","data analyst","Woodland","CA","USA","on-site","limited term","Bachelor’s",NA,"fellowship",20,25,"Yes","No",37500,46875,"Excel;MS Office"
"March 27, 2026",NA,"Corporate","geospatial","Intrepid Fiber Networks","GIS Intern","GIS technician","Broomfield","CO","USA","on-site","limited term","Bachelor’s",NA,"internship",20,25,"Yes","No",37500,46875,"GIS;Excel"
"March 27, 2026",NA,"Local Government","policy","NYC Department of Health and Mental Hygiene","Data Analyst/Data Project Manager","data analyst","New York","NY","USA","hybrid","limited term","Bachelor’s","2","full-time",95000,95000,"No","No",95000,95000,"SQL;R;Python;Tableau"
"March 27, 2026","May 9, 2026","Local Government","water/coastal","NYC Department of Environmental Protection","City Research Scientist","researcher","Brooklyn","NY","USA","on-site","permanent","Master’s","2","full-time",74536,90188,"No","No",74536,90188,"ArcGIS;GIS;Spatial analysis"
